{
  "mainAssemblyName": "ShortenApp",
  "resources": {
    "hash": "sha256-q5AXeIK3ds1DTM1as1lUcAIyIAMmkjmne06V8BGOboo=",
    "fingerprinting": {
      "Microsoft.AspNetCore.Components.g2uf8wsg0m.wasm": "Microsoft.AspNetCore.Components.wasm",
      "Microsoft.AspNetCore.Components.Web.5fnpqqr84r.wasm": "Microsoft.AspNetCore.Components.Web.wasm",
      "Microsoft.AspNetCore.Components.WebAssembly.68f995hvkq.wasm": "Microsoft.AspNetCore.Components.WebAssembly.wasm",
      "Microsoft.Extensions.Configuration.Abstractions.n3roazub70.wasm": "Microsoft.Extensions.Configuration.Abstractions.wasm",
      "Microsoft.Extensions.Configuration.Json.jgtmx19396.wasm": "Microsoft.Extensions.Configuration.Json.wasm",
      "Microsoft.Extensions.Configuration.7sm4vp77d1.wasm": "Microsoft.Extensions.Configuration.wasm",
      "Microsoft.Extensions.DependencyInjection.Abstractions.j5a9d3dc0t.wasm": "Microsoft.Extensions.DependencyInjection.Abstractions.wasm",
      "Microsoft.Extensions.DependencyInjection.g0r86u4i0h.wasm": "Microsoft.Extensions.DependencyInjection.wasm",
      "Microsoft.Extensions.Logging.Abstractions.xp29r1hwh3.wasm": "Microsoft.Extensions.Logging.Abstractions.wasm",
      "Microsoft.Extensions.Logging.km3zhtnk76.wasm": "Microsoft.Extensions.Logging.wasm",
      "Microsoft.Extensions.Options.xtnmlnlmnd.wasm": "Microsoft.Extensions.Options.wasm",
      "Microsoft.Extensions.Primitives.geznw6vy35.wasm": "Microsoft.Extensions.Primitives.wasm",
      "Microsoft.JSInterop.bdr89uoxtd.wasm": "Microsoft.JSInterop.wasm",
      "Microsoft.JSInterop.WebAssembly.p386u0jty9.wasm": "Microsoft.JSInterop.WebAssembly.wasm",
      "ShortenApp.1u4dn6dgz9.wasm": "ShortenApp.wasm",
      "System.Collections.Concurrent.fzjfrdn2ak.wasm": "System.Collections.Concurrent.wasm",
      "System.Collections.Immutable.2sznr7iy82.wasm": "System.Collections.Immutable.wasm",
      "System.Collections.brrglgptr7.wasm": "System.Collections.wasm",
      "System.ComponentModel.h9eo79o86x.wasm": "System.ComponentModel.wasm",
      "System.Console.ckimbfyjuj.wasm": "System.Console.wasm",
      "System.Diagnostics.DiagnosticSource.pse11zgi9v.wasm": "System.Diagnostics.DiagnosticSource.wasm",
      "System.IO.Pipelines.h68d94scrb.wasm": "System.IO.Pipelines.wasm",
      "System.Linq.dfil2aohj8.wasm": "System.Linq.wasm",
      "System.Memory.acxyzgdz32.wasm": "System.Memory.wasm",
      "System.Net.Http.Json.9cqhqmryzt.wasm": "System.Net.Http.Json.wasm",
      "System.Net.Http.ayu7qlia5z.wasm": "System.Net.Http.wasm",
      "System.Net.Primitives.3uow9zd1kc.wasm": "System.Net.Primitives.wasm",
      "System.Private.CoreLib.d6jidajsxh.wasm": "System.Private.CoreLib.wasm",
      "System.Private.Uri.nsfj740ux6.wasm": "System.Private.Uri.wasm",
      "System.Runtime.InteropServices.JavaScript.f4ln4hfftw.wasm": "System.Runtime.InteropServices.JavaScript.wasm",
      "System.Runtime.7wkiqz6jjc.wasm": "System.Runtime.wasm",
      "System.Text.Encodings.Web.4zpcd8unrt.wasm": "System.Text.Encodings.Web.wasm",
      "System.Text.Json.34q8q6digi.wasm": "System.Text.Json.wasm",
      "System.Text.RegularExpressions.0e9rlv7vxy.wasm": "System.Text.RegularExpressions.wasm",
      "dotnet.js": "dotnet.js",
      "dotnet.native.8bti36lthm.js": "dotnet.native.js",
      "dotnet.native.tr0cyonrwt.wasm": "dotnet.native.wasm",
      "dotnet.runtime.tsg4gsv2hg.js": "dotnet.runtime.js",
      "icudt_CJK.tjcz0u77k5.dat": "icudt_CJK.dat",
      "icudt_EFIGS.tptq2av103.dat": "icudt_EFIGS.dat",
      "icudt_no_CJK.lfu7j35m59.dat": "icudt_no_CJK.dat"
    },
    "jsModuleNative": {
      "dotnet.native.8bti36lthm.js": "sha256-HFADmT26AarHu4tMjFaTPxINmQjBJGtdPN+CKjtNMFE="
    },
    "jsModuleRuntime": {
      "dotnet.runtime.tsg4gsv2hg.js": "sha256-82FoDmY+LsehdN2u8aSGEutGEKXJHcYaSX/3zptbsCw="
    },
    "wasmNative": {
      "dotnet.native.tr0cyonrwt.wasm": "sha256-F3/BArijJUydqmwcdWeW3LYyYHBRSu2+pyy8GL1jTV0="
    },
    "icu": {
      "icudt_CJK.tjcz0u77k5.dat": "sha256-SZLtQnRc0JkwqHab0VUVP7T3uBPSeYzxzDnpxPpUnHk=",
      "icudt_EFIGS.tptq2av103.dat": "sha256-8fItetYY8kQ0ww6oxwTLiT3oXlBwHKumbeP2pRF4yTc=",
      "icudt_no_CJK.lfu7j35m59.dat": "sha256-L7sV7NEYP37/Qr2FPCePo5cJqRgTXRwGHuwF5Q+0Nfs="
    },
    "coreAssembly": {
      "System.Private.CoreLib.d6jidajsxh.wasm": "sha256-lfYW1IpdAnwO+tB1TqptTdH7SrCZXcS0bwbLsAEOsQM=",
      "System.Runtime.InteropServices.JavaScript.f4ln4hfftw.wasm": "sha256-r+LQmgoVdHgFKWJvUNAR7HQZAtSw+xvBIQ6siSPsBNM="
    },
    "assembly": {
      "Microsoft.AspNetCore.Components.g2uf8wsg0m.wasm": "sha256-CHLBdZ8lmGjukXC04ARQkEazSu2q0ffGzI959NNh0+4=",
      "Microsoft.AspNetCore.Components.Web.5fnpqqr84r.wasm": "sha256-0fT5DLMa1voamFmX5/f/aY8oct7a5CLEOHu2Tdn6oCA=",
      "Microsoft.AspNetCore.Components.WebAssembly.68f995hvkq.wasm": "sha256-VmK4hvhpAQ0lEeCJUxaKBw20PfV+WVZrkC/9i60V1MA=",
      "Microsoft.Extensions.Configuration.Abstractions.n3roazub70.wasm": "sha256-M/V9DIZ9otM7/qEt+xn3wagkoRiLOf4JMPyDoo6WUM8=",
      "Microsoft.Extensions.Configuration.Json.jgtmx19396.wasm": "sha256-XQykit2HYxnB0emmOc5bra6XuZq3KgCfazi8kFAErDs=",
      "Microsoft.Extensions.Configuration.7sm4vp77d1.wasm": "sha256-V/8lrAHQfJYsJtV+bKRHL6fmMFhJhAOyoTNfGTbwTdQ=",
      "Microsoft.Extensions.DependencyInjection.Abstractions.j5a9d3dc0t.wasm": "sha256-p4QWfZQ35PAVBSrYSf/h/37a1jHxifsVjl+fheJRxdU=",
      "Microsoft.Extensions.DependencyInjection.g0r86u4i0h.wasm": "sha256-wPj/fOeoE7JKOgIYh6OIvl/k3Iw6EPDmmXDjtnQ6rJk=",
      "Microsoft.Extensions.Logging.Abstractions.xp29r1hwh3.wasm": "sha256-BSVKL2EGTVINMfWn4lMAqkdPDNJpY0Ku7sM8CzOK9BY=",
      "Microsoft.Extensions.Logging.km3zhtnk76.wasm": "sha256-5E3YJsqbWNbv+OJiZ1kCoV5czf1fXeUBZBKig0eHQKs=",
      "Microsoft.Extensions.Options.xtnmlnlmnd.wasm": "sha256-2xzw4xsXcqL7SQ6R76v+GZrC7ZqwjD2SQaJrbh6IFlc=",
      "Microsoft.Extensions.Primitives.geznw6vy35.wasm": "sha256-+HoDX+e0bGwi8OjZvR5ZpN4OxMMBE8OX4f2wu++wdqE=",
      "Microsoft.JSInterop.bdr89uoxtd.wasm": "sha256-j93883TLWrUsylBnXBVb1aCW34uImOVFvkmgV7v8tx0=",
      "Microsoft.JSInterop.WebAssembly.p386u0jty9.wasm": "sha256-hbzWuXrlepIqY/y+nQ2ZAFer2/njy1dc+Y4LUaAaL5E=",
      "ShortenApp.1u4dn6dgz9.wasm": "sha256-uXjlnVmp4iZXcVDhf2lG6kEgFvnQ9NRMKdINiTGLU3U=",
      "System.Collections.Concurrent.fzjfrdn2ak.wasm": "sha256-61G6RdWky6wSKMoiBGmJfoebCUZviZ5ID5YVq4HzR40=",
      "System.Collections.Immutable.2sznr7iy82.wasm": "sha256-HtRM8z6SWCHMrKQrNZIALzy2FMivErM+NlMU8wP0mA4=",
      "System.Collections.brrglgptr7.wasm": "sha256-hzX9IA3YHht9LkWEYuXvkC+yeSi97VBrLADX64XddGQ=",
      "System.ComponentModel.h9eo79o86x.wasm": "sha256-NQkKskUXENdTSf2C0+y41sjKi68CHmUqCgPPLNxKyGw=",
      "System.Console.ckimbfyjuj.wasm": "sha256-fG5C33jvnQc30BhFHHcR3muFlB4tfYRR2x1XYylDdrM=",
      "System.Diagnostics.DiagnosticSource.pse11zgi9v.wasm": "sha256-13F6UCivKZPw1YCWlsitkOJtrLcBhCD2EXnx2WDWpKE=",
      "System.IO.Pipelines.h68d94scrb.wasm": "sha256-V5z9/XlJMVOFEDQ+R/mfLxmcykbKzh9+yhFeRdF4kdU=",
      "System.Linq.dfil2aohj8.wasm": "sha256-d0Vk4oY2Rj7qfRMNNDTlnrokO8mEEE1MmNn51ICnnzA=",
      "System.Memory.acxyzgdz32.wasm": "sha256-SrBVMo6y8K0FW1a07/LPx+E73mNBQDIPA1+IPvft0aI=",
      "System.Net.Http.Json.9cqhqmryzt.wasm": "sha256-Z76MWouA0xOdZUMS1wK4Pc7OBRq+VuWERQ0jKveSpC4=",
      "System.Net.Http.ayu7qlia5z.wasm": "sha256-jvmxGOWCBsn2LcIacE+v9IxByj6zLNwTX/I51AbAW2s=",
      "System.Net.Primitives.3uow9zd1kc.wasm": "sha256-RZU3+AurzUeBWgVjZalkA1jPlfRnehNr+R49gyYTuFI=",
      "System.Private.Uri.nsfj740ux6.wasm": "sha256-t01gtK8hlN5/sZS2zCYQzCfNca/CdyMrlH0l8rT84DA=",
      "System.Runtime.7wkiqz6jjc.wasm": "sha256-RyAogFK+kbJNFq91+bmb77CuQc2yqp9YGBZdGpeRy+4=",
      "System.Text.Encodings.Web.4zpcd8unrt.wasm": "sha256-gAQK1aO5MWD0GwIAc812qHpnec5wlHwgnyaZ9RGOUOg=",
      "System.Text.Json.34q8q6digi.wasm": "sha256-M7j8TUXGrHMH0vEQz6COEBFh7q5e3KbRHCdzquVcD4E=",
      "System.Text.RegularExpressions.0e9rlv7vxy.wasm": "sha256-SKkTQL9D0Loskr+NX705/WITcRNb/8VQlQorMrz5S6M="
    }
  },
  "cacheBootResources": true,
  "debugLevel": 0,
  "linkerEnabled": true,
  "globalizationMode": "sharded",
  "extensions": {
    "blazor": {}
  }
}